src_city,City,Cloudiness,Country,Date,Humidity,Lat,Lng,Max Temp,Wind Speed
new norfolk,New Norfolk,0.0,AU,1600403487.0,46.0,-42.78,147.06,63.0,3.0
pudozh,Pudozh,96.0,RU,1600403489.0,87.0,61.81,36.53,41.86,12.3
east london,East London,18.0,ZA,1600403490.0,82.0,-33.02,27.91,55.4,4.7
yellowknife,Yellowknife,40.0,CA,1600403409.0,75.0,62.46,-114.35,44.6,8.05
punta arenas,Punta Arenas,31.0,CL,1600403492.0,89.0,-53.15,-70.92,32.0,28.86
tasiilaq,Tasiilaq,100.0,GL,1600403494.0,86.0,65.61,-37.64,39.2,5.82
bluff,Bluff,100.0,NZ,1600403495.0,82.0,-46.6,168.33,48.99,20.0
saskylakh,Saskylakh,0.0,RU,1600403496.0,54.0,71.92,114.08,59.49,12.77
busselton,Busselton,54.0,AU,1600403498.0,36.0,-33.65,115.33,68.0,13.42
half moon bay,Half Moon Bay,90.0,US,1600403269.0,93.0,37.46,-122.43,66.99,3.36
rikitea,Rikitea,8.0,PF,1600403500.0,81.0,-23.12,-134.97,72.16,22.44
port alfred,Port Alfred,0.0,ZA,1600403254.0,77.0,-33.59,26.89,56.46,8.7
coracora,Coracora,0.0,PE,1600403502.0,61.0,-15.03,-73.78,41.41,0.67
husavik,Husavik,75.0,IS,1600403503.0,53.0,66.04,-17.34,51.8,18.34
carnarvon,Carnarvon,0.0,AU,1600403505.0,20.0,-24.87,113.63,84.2,12.75
yining,Yining,98.0,CN,1600403506.0,78.0,29.04,114.56,68.83,3.71
san policarpo,San Policarpo,100.0,PH,1600403507.0,64.0,12.18,125.51,83.82,4.03
plouzane,Plouzané,72.0,FR,1600403509.0,77.0,48.38,-4.62,59.0,14.99
gorontalo,Gorontalo,72.0,ID,1600403510.0,68.0,0.54,123.06,82.83,2.84
fortuna,Fortuna,75.0,US,1600403511.0,93.0,40.6,-124.16,64.99,3.91
ngunguru,Ngunguru,75.0,NZ,1600403512.0,3.0,-35.62,174.5,59.0,14.0
cape town,Cape Town,6.0,ZA,1600403295.0,93.0,-33.93,18.42,46.99,2.24
picos,Picos,0.0,BR,1600403279.0,39.0,-7.08,-41.47,73.81,3.33
pangody,Pangody,100.0,RU,1600403516.0,89.0,65.85,74.49,48.18,7.49
saint george,Saint George,1.0,US,1600403517.0,10.0,37.1,-113.58,82.4,0.4
alor setar,Alor Star,40.0,MY,1600403518.0,94.0,6.12,100.36,78.8,2.24
yulara,Yulara,0.0,AU,1600403519.0,28.0,-25.24,130.99,71.6,13.87
honiara,Honiara,75.0,SB,1600403521.0,74.0,-9.43,159.95,84.2,10.29
sukabumi,Sukabumi,65.0,ID,1600403522.0,43.0,-6.92,106.93,95.0,1.01
kapaa,Kapaa,40.0,US,1600403523.0,65.0,22.08,-159.32,82.4,14.99
victoria,Hong Kong,98.0,HK,1600403365.0,82.0,22.29,114.16,87.01,1.99
albany,Albany,100.0,US,1600403445.0,94.0,42.6,-73.97,57.99,1.99
vostok,Vostok,24.0,RU,1600403527.0,89.0,46.49,135.88,57.76,4.47
mitsamiouli,Mitsamiouli,20.0,KM,1600403528.0,78.0,-11.38,43.28,71.6,3.36
ushuaia,Ushuaia,90.0,AR,1600403529.0,92.0,-54.8,-68.3,30.2,27.51
tuatapere,Tuatapere,100.0,NZ,1600403531.0,82.0,-46.13,167.68,48.99,20.0
mangrol,Māngrol,97.0,IN,1600403532.0,76.0,21.12,70.12,84.0,10.94
waspan,Waspán,14.0,NI,1600403533.0,93.0,14.74,-83.97,75.69,2.93
nikolskoye,Nikolskoye,90.0,RU,1600403535.0,87.0,59.7,30.79,44.6,17.9
merauke,Merauke,96.0,ID,1600403537.0,75.0,-8.47,140.33,83.8,20.45
avarua,Avarua,90.0,CK,1600403432.0,73.0,-21.21,-159.78,73.4,11.41
ballina,Ballina,90.0,AU,1600403539.0,69.0,-28.87,153.57,75.2,12.75
boulder,Boulder,1.0,US,1600403295.0,39.0,40.08,-105.35,68.0,5.82
benjamin aceval,Benjamín Aceval,0.0,PY,1600403541.0,100.0,-24.97,-57.57,59.0,1.1
atuona,Atuona,19.0,PF,1600403542.0,76.0,-9.8,-139.03,78.04,20.24
sitka,Sitka,75.0,US,1600403544.0,76.0,57.05,-135.33,53.6,1.23
port lincoln,Port Lincoln,55.0,AU,1600403545.0,70.0,-34.73,135.87,67.73,17.85
hasaki,Hasaki,75.0,JP,1600403278.0,62.0,35.73,140.83,91.0,19.46
sistranda,Sistranda,75.0,NO,1600403547.0,93.0,63.73,8.83,55.4,29.97
hoima,Hoima,40.0,UG,1600403549.0,93.0,1.44,31.34,67.39,0.51
molepolole,Molepolole,0.0,BW,1600403550.0,82.0,-24.41,25.5,62.6,6.93
chaihe,Chaihe,91.0,CN,1600403552.0,81.0,44.77,129.7,57.76,9.26
kavieng,Kavieng,88.0,PG,1600403553.0,74.0,-2.57,150.8,84.02,8.25
moissala,Moïssala,100.0,TD,1600403554.0,94.0,8.34,17.77,71.4,2.62
hobart,Hobart,20.0,AU,1600403441.0,50.0,-42.88,147.33,63.0,12.75
basco,Basco,19.0,PH,1600403557.0,80.0,20.45,121.97,84.79,15.14
khatanga,Khatanga,80.0,RU,1600403558.0,46.0,71.97,102.5,60.17,18.48
havre-saint-pierre,Havre-St-Pierre,1.0,CA,1600403559.0,92.0,50.23,-63.6,30.2,3.36
fairbanks,Fairbanks,40.0,US,1600403480.0,71.0,64.84,-147.72,57.99,6.93
katsuura,Katsuura,75.0,JP,1600403561.0,74.0,35.13,140.3,89.01,20.8
panama city,Panama City,85.0,PA,1600403329.0,88.0,8.99,-79.52,78.8,2.24
hermanus,Hermanus,16.0,ZA,1600403564.0,96.0,-34.42,19.23,44.01,6.33
chokurdakh,Chokurdakh,100.0,RU,1600403565.0,83.0,70.63,147.92,45.36,14.25
premnitz,Premnitz,31.0,DE,1600403566.0,91.0,52.53,12.33,46.0,3.87
puerto ayora,Puerto Ayora,79.0,EC,1600403473.0,87.0,-0.74,-90.35,65.64,10.31
jamestown,Jamestown,20.0,US,1600403383.0,93.0,42.1,-79.24,54.0,8.05
esperance,Esperance,75.0,AU,1600403570.0,100.0,-33.87,121.9,59.0,12.75
manono,Manono,63.0,CD,1600403281.0,58.0,-7.3,27.42,77.43,1.61
te anau,Te Anau,100.0,NZ,1600403572.0,84.0,-45.42,167.72,44.1,6.42
houma,Houma,1.0,US,1600403556.0,94.0,29.6,-90.72,77.0,4.45
clyde river,Clyde River,90.0,CA,1600403574.0,86.0,70.47,-68.59,33.8,2.24
college,College,40.0,US,1600403576.0,76.0,64.86,-147.8,57.0,3.36
port blair,Port Blair,100.0,IN,1600403577.0,87.0,11.67,92.75,79.16,19.15
hithadhoo,Hithadhoo,81.0,MV,1600403578.0,76.0,-0.6,73.08,82.94,8.34
sola,Sola,100.0,VU,1600403580.0,85.0,-13.88,167.55,79.9,18.57
saint-philippe,Saint-Philippe,42.0,RE,1600403581.0,49.0,-21.36,55.77,73.99,5.82
lebu,Lebu,1.0,CL,1600403582.0,82.0,-37.62,-73.65,47.46,12.77
marsa matruh,Marsá Maţrūḩ,0.0,EG,1600403584.0,88.0,31.35,27.25,69.8,9.17
lasa,Laas,5.0,IT,1600403585.0,100.0,46.62,10.7,54.0,4.7
hami,Kumul,0.0,CN,1600403587.0,13.0,42.8,93.45,83.68,3.29
douglas,Douglas,1.0,US,1600403588.0,87.0,41.3,-96.17,59.0,8.79
mataura,Mataura,100.0,NZ,1600403590.0,82.0,-46.19,168.86,48.99,20.0
baykit,Baykit,100.0,RU,1600403591.0,50.0,61.67,96.37,60.22,12.71
mahanje,Mahanje,20.0,TZ,1600403592.0,72.0,-9.93,35.33,67.21,5.46
verkhoyansk,Verkhoyansk,4.0,RU,1600403593.0,43.0,67.54,133.38,54.7,3.31
nalut,Nālūt,0.0,LY,1600403594.0,51.0,30.33,10.85,68.04,9.46
buala,Buala,100.0,SB,1600403596.0,82.0,-8.14,159.59,81.03,13.0
kutahya,Kütahya,0.0,TR,1600403597.0,87.0,39.42,29.98,53.6,3.36
touros,Touros,20.0,BR,1600403598.0,94.0,-5.2,-35.46,69.8,4.7
vaini,Vaini,90.0,TO,1600403600.0,88.0,-21.2,-175.2,71.6,13.87
alpena,Alpena,1.0,US,1600403601.0,70.0,45.06,-83.43,44.6,8.05
vestmannaeyjar,Vestmannaeyjar,100.0,IS,1600403602.0,76.0,63.44,-20.27,49.48,18.45
cidreira,Cidreira,2.0,BR,1600403603.0,94.0,-30.18,-50.21,59.92,6.22
biak,Biak,66.0,ID,1600403604.0,62.0,-0.91,122.88,83.57,2.42
alofi,Alofi,88.0,NU,1600403606.0,88.0,-19.06,-169.92,75.2,11.41
sendafa,Sendafa,20.0,ET,1600403607.0,87.0,9.15,39.03,55.4,4.7
ponta do sol,Ponta do Sol,40.0,PT,1600403608.0,60.0,32.67,-17.1,69.8,5.82
bredasdorp,Bredasdorp,19.0,ZA,1600403610.0,93.0,-34.53,20.04,42.8,2.24
kodiak,Saint Paul Harbor,75.0,US,1600403611.0,62.0,57.79,-152.41,55.4,10.29
bethel,Bethel,40.0,US,1600403612.0,93.0,41.37,-73.41,62.01,5.79
avera,Avera,90.0,US,1600403613.0,94.0,33.19,-82.53,69.8,3.36
marrakesh,Marrakesh,40.0,MA,1600403615.0,64.0,31.63,-8.01,71.6,3.36
butaritari,Butaritari,96.0,KI,1600403616.0,71.0,3.07,172.79,82.6,12.48
taoudenni,Taoudenni,17.0,ML,1600403617.0,20.0,22.68,-3.98,85.6,5.12
sehithwa,Sehithwa,0.0,BW,1600403619.0,44.0,-20.47,22.72,69.17,5.75
belmonte,Belmonte,20.0,BR,1600403620.0,83.0,-15.86,-38.88,69.8,3.36
qaanaaq,Qaanaaq,83.0,GL,1600403621.0,88.0,77.48,-69.36,19.8,7.81
tuktoyaktuk,Tuktoyaktuk,75.0,CA,1600403622.0,100.0,69.45,-133.04,39.2,6.93
faanui,Faanui,13.0,PF,1600403624.0,77.0,-16.48,-151.75,78.28,16.2
naze,Naze,75.0,JP,1600403625.0,84.0,28.37,129.48,87.8,10.29
kununurra,Kununurra,51.0,AU,1600403627.0,28.0,-15.77,128.73,96.8,6.93
henties bay,Henties Bay,0.0,NA,1600403628.0,94.0,-22.12,14.28,53.01,3.0
hilo,Hilo,40.0,US,1600403612.0,69.0,19.73,-155.09,80.6,5.82
cherskiy,Cherskiy,98.0,RU,1600403631.0,76.0,68.75,161.3,37.85,4.61
obera,Oberá,11.0,AR,1600403632.0,100.0,-27.49,-55.12,58.39,1.52
upernavik,Upernavik,3.0,GL,1600403633.0,87.0,72.79,-56.15,28.27,8.43
port elizabeth,Port Elizabeth,0.0,ZA,1600403411.0,93.0,-33.92,25.57,42.8,4.7
nanortalik,Nanortalik,89.0,GL,1600403346.0,91.0,60.14,-45.24,43.43,9.28
vaitape,Vaitape,12.0,PF,1600403637.0,75.0,-16.52,-151.75,79.14,16.13
bengkulu,Bengkulu,48.0,ID,1600403638.0,66.0,-3.8,102.27,84.43,8.81
dikson,Dikson,81.0,RU,1600403639.0,90.0,73.51,80.55,44.35,13.38
port hawkesbury,Port Hawkesbury,75.0,CA,1600403631.0,93.0,45.62,-61.35,57.0,4.7
fare,Fare,14.0,PF,1600403642.0,76.0,-16.7,-151.02,79.12,13.89
kohtla-jarve,Kohtla-Järve,100.0,EE,1600403643.0,76.0,59.4,27.27,47.82,22.64
zhigansk,Zhigansk,0.0,RU,1600403644.0,44.0,66.77,123.37,53.8,3.49
leshukonskoye,Leshukonskoye,12.0,RU,1600403645.0,79.0,64.9,45.76,38.48,5.79
burnie,Burnie,5.0,AU,1600403646.0,57.0,-41.07,145.92,54.0,8.01
talcahuano,Talcahuano,0.0,CL,1600403648.0,93.0,-36.72,-73.12,48.2,8.05
geraldton,Geraldton,0.0,AU,1600403477.0,22.0,-28.77,114.6,77.0,10.29
slave lake,Slave Lake,90.0,CA,1600403650.0,71.0,55.28,-114.77,53.6,4.7
barrow,Barrow,90.0,US,1600403651.0,87.0,71.29,-156.79,42.8,14.99
tiksi,Tiksi,67.0,RU,1600403652.0,61.0,71.69,128.87,52.86,21.09
sulphur springs,Sulphur Springs,1.0,US,1600403654.0,78.0,33.14,-95.6,73.4,3.36
yerbogachen,Yerbogachën,0.0,RU,1600403655.0,49.0,61.28,108.01,60.8,5.7
longyearbyen,Longyearbyen,75.0,SJ,1600403656.0,86.0,78.22,15.64,37.4,1.39
muros,Muros,75.0,ES,1600403657.0,94.0,42.78,-9.06,62.01,3.0
sur,Sur,3.0,OM,1600403658.0,39.0,22.57,59.53,89.58,2.13
pisco,Pisco,25.0,PE,1600403660.0,93.0,-13.7,-76.22,55.4,3.36
raudeberg,Raudeberg,100.0,NO,1600403661.0,88.0,61.99,5.14,55.99,26.62
tymovskoye,Tymovskoye,48.0,RU,1600403590.0,68.0,50.85,142.66,69.37,2.06
fort nelson,Fort Nelson,40.0,CA,1600403664.0,100.0,58.81,-122.7,46.4,3.36
akcakoca,Akçakoca,36.0,TR,1600403665.0,82.0,41.09,31.12,71.02,2.55
lima,Lima,90.0,PE,1600403559.0,82.0,-12.04,-77.03,60.8,6.93
marzuq,Marzuq,5.0,YE,1600403668.0,27.0,14.4,46.47,83.37,3.47
strangnas,Strängnäs,66.0,SE,1600403556.0,75.0,59.38,17.03,46.4,6.93
mlonggo,Mlonggo,24.0,ID,1600403670.0,41.0,-6.53,110.7,93.2,12.75
isangel,Isangel,75.0,VU,1600403672.0,69.0,-19.55,169.27,82.4,11.41
thompson,Thompson,5.0,CA,1600403433.0,86.0,55.74,-97.86,28.4,3.94
stornoway,Stornoway,91.0,GB,1600403674.0,93.0,58.21,-6.39,57.2,9.17
mayo,Mayo,90.0,US,1600403675.0,90.0,38.89,-76.51,69.01,4.7
bubaque,Bubaque,100.0,GW,1600403677.0,86.0,11.28,-15.83,79.92,17.78
rosetta,Rosetta,0.0,EG,1600403679.0,78.0,31.4,30.42,75.2,3.36
olga,Ol'ga,36.0,RU,1600403680.0,73.0,43.74,135.29,67.75,6.91
nouadhibou,Nouadhibou,29.0,MR,1600403681.0,72.0,20.93,-17.03,77.18,18.23
asyut,Assiut,0.0,EG,1600403682.0,65.0,27.18,31.18,78.8,9.17
cocobeach,Cocobeach,75.0,GA,1600403684.0,88.0,1.0,9.58,77.0,5.82
palmer,Palmer,1.0,US,1600403685.0,77.0,42.16,-72.33,61.0,3.36
dauphin,Dauphin,1.0,CA,1600403686.0,86.0,51.15,-100.05,33.8,3.51
vao,Vao,31.0,NC,1600403687.0,85.0,-22.67,167.48,71.2,25.39
chuy,Chui,0.0,UY,1600403688.0,85.0,-33.7,-53.46,54.14,8.86
sinnamary,Sinnamary,2.0,GF,1600403690.0,88.0,5.38,-52.95,77.76,11.7
mareeba,Mareeba,90.0,AU,1600403691.0,73.0,-17.0,145.43,77.0,14.99
ribeira grande,Ribeira Grande,54.0,PT,1600403692.0,77.0,38.52,-28.7,70.12,17.63
yar-sale,Yar-Sale,99.0,RU,1600403693.0,87.0,66.83,70.83,47.71,7.96
terenos,Terenos,17.0,BR,1600403695.0,56.0,-20.44,-54.86,71.6,9.17
karasjok,Karasjok,75.0,NO,1600403696.0,65.0,69.47,25.51,44.6,33.33
osmena,Osmeña,100.0,PH,1600403697.0,73.0,10.52,119.93,84.29,12.44
trairi,Trairi,34.0,BR,1600403686.0,79.0,-3.28,-39.27,77.05,11.77
misratah,Misratah,0.0,LY,1600403700.0,72.0,32.38,15.09,75.43,9.35
asau,Asău,98.0,RO,1600403701.0,54.0,46.43,26.4,59.0,14.99
kangaba,Kangaba,96.0,ML,1600403702.0,91.0,11.93,-8.42,72.07,2.42
narsaq,Narsaq,100.0,GL,1600403704.0,87.0,60.92,-46.05,42.8,3.36
tumut,Tumut,100.0,AU,1600403705.0,76.0,-35.3,148.22,67.14,1.9
suntar,Suntar,0.0,RU,1600403706.0,48.0,62.14,117.63,59.04,3.15
nuevo progreso,Nuevo Progreso,5.0,MX,1600403707.0,66.0,23.17,-97.95,73.99,4.0
kemalpasa,Kemalpaşa,0.0,TR,1600403709.0,88.0,38.43,27.42,66.2,0.85
torbay,Torbay,90.0,CA,1600403710.0,88.0,47.67,-52.73,63.0,14.99
pevek,Pevek,89.0,RU,1600403711.0,92.0,69.7,170.31,33.08,11.12
tilichiki,Tilichiki,81.0,RU,1600403712.0,69.0,60.47,166.1,47.8,9.75
lazaro cardenas,Lázaro Cárdenas,83.0,MX,1600403702.0,84.0,17.96,-102.2,79.05,1.99
kastamonu,Kastamonu Province,0.0,TR,1600403715.0,55.0,41.5,33.67,63.91,1.77
batsfjord,Båtsfjord,75.0,NO,1600403716.0,70.0,70.63,29.72,44.6,16.11
beringovskiy,Beringovskiy,100.0,RU,1600403717.0,88.0,63.05,179.32,43.23,9.86
lorengau,Lorengau,97.0,PG,1600403718.0,75.0,-2.02,147.27,84.25,5.82
lalin,Lalín,90.0,ES,1600403720.0,100.0,42.72,-8.12,62.01,6.93
acapulco,Acapulco de Juárez,100.0,MX,1600403571.0,83.0,16.86,-99.89,78.82,3.89
mehamn,Mehamn,75.0,NO,1600403722.0,75.0,71.04,27.85,42.8,20.8
itarema,Itarema,32.0,BR,1600403723.0,76.0,-2.92,-39.92,78.39,16.22
gamboma,Gamboma,100.0,CG,1600403725.0,91.0,-1.88,15.86,72.73,1.57
san patricio,San Patricio,100.0,MX,1600403726.0,82.0,19.22,-104.7,78.6,2.37
castro,Castro,100.0,BR,1600403464.0,85.0,-24.79,-50.01,58.32,3.96
colon,Colón,76.0,PA,1600403728.0,88.0,9.36,-79.9,78.8,2.24
sobolevo,Sobolevo,99.0,RU,1600403729.0,89.0,54.43,31.9,46.02,18.14
antofagasta,Antofagasta,90.0,CL,1600403730.0,76.0,-23.65,-70.4,57.2,4.7
haines junction,Haines Junction,99.0,CA,1600403732.0,73.0,60.75,-137.51,40.5,7.87
bathsheba,Bathsheba,20.0,BB,1600403733.0,88.0,13.22,-59.52,77.0,5.82
mar del plata,Mar del Plata,53.0,AR,1600403734.0,76.0,-38.0,-57.56,53.01,3.36
vokhtoga,Vokhtoga,100.0,RU,1600403735.0,92.0,58.81,41.05,48.18,6.38
maumere,Maumere,11.0,ID,1600403681.0,62.0,-8.62,122.21,83.98,1.61
ugoofaaru,Ugoofaaru,95.0,MV,1600403738.0,76.0,5.67,73.0,83.03,14.74
wonthaggi,Wonthaggi,48.0,AU,1600403739.0,66.0,-38.6,145.59,69.01,10.0
mahebourg,Mahébourg,20.0,MU,1600403740.0,60.0,-20.41,57.7,73.4,16.11
comodoro rivadavia,Comodoro Rivadavia,28.0,AR,1600403742.0,45.0,-45.87,-67.5,48.2,25.28
teahupoo,Teahupoo,20.0,PF,1600403743.0,61.0,-17.83,-149.27,82.4,1.12
zhanaozen,Zhangaözen,0.0,KZ,1600403744.0,30.0,43.3,52.8,62.64,17.65
wattegama,Wattegama,40.0,LK,1600403745.0,79.0,6.8,81.48,84.2,17.22
iqaluit,Iqaluit,90.0,CA,1600403746.0,59.0,63.75,-68.51,35.6,11.41
caramay,Caramay,100.0,PH,1600403748.0,68.0,10.18,119.24,85.71,11.34
kahului,Kahului,1.0,US,1600403749.0,54.0,20.89,-156.47,84.2,11.41
camopi,Camopi,4.0,GF,1600403750.0,95.0,3.17,-52.32,72.55,3.09
punta alta,Punta Alta,91.0,AR,1600403751.0,45.0,-38.88,-62.07,51.28,11.16
poum,Poum,1.0,NC,1600403753.0,80.0,-20.23,164.02,73.45,14.09
nelson bay,Nelson Bay,75.0,AU,1600403754.0,77.0,-32.72,152.15,68.0,13.87
broome,Broome,90.0,US,1600403755.0,93.0,42.25,-75.83,57.0,8.05
lavrentiya,Lavrentiya,100.0,RU,1600403756.0,80.0,65.58,-171.0,45.52,8.93
maues,Maués,4.0,BR,1600403758.0,70.0,-3.38,-57.72,76.93,1.45
guaraniacu,Guaraniaçu,51.0,BR,1600403759.0,94.0,-25.1,-52.88,53.2,0.72
kurchum,Kurchum,100.0,KZ,1600403760.0,45.0,48.57,83.65,60.22,8.55
kishapu,Kishapu,77.0,TZ,1600403761.0,54.0,-3.62,33.87,70.0,15.82
mgandu,Mgandu,59.0,TZ,1600403762.0,70.0,-5.95,34.13,62.89,12.41
lohja,Lohja,55.0,FI,1600403763.0,92.0,60.25,24.07,42.01,5.01
hobyo,Hobyo,20.0,SO,1600403765.0,75.0,5.35,48.53,79.9,18.61
mount isa,Mount Isa,40.0,AU,1600403766.0,33.0,-20.73,139.5,91.4,12.75
jalu,Jalu,0.0,LY,1600403767.0,70.0,29.03,21.55,73.02,7.92
mikuni,Mikuni,75.0,JP,1600403768.0,94.0,36.22,136.15,69.8,9.17
kallithea,Kallithea,75.0,GR,1600403770.0,83.0,37.95,23.7,78.01,10.29
moyale,Moyale,92.0,KE,1600403771.0,80.0,3.52,39.06,65.86,12.08
matay,Maţāy,0.0,EG,1600403772.0,66.0,28.42,30.78,77.7,16.53
georgetown,George Town,40.0,MY,1600403773.0,94.0,5.41,100.34,78.8,3.36
kashi,Kashgar,9.0,CN,1600403774.0,20.0,39.45,75.98,77.0,8.95
dingle,Dingle,100.0,PH,1600403776.0,77.0,11.0,122.67,83.07,1.63
ambulu,Ambulu,0.0,ID,1600403777.0,54.0,-8.35,113.61,87.58,10.09
xaltianguis,Xaltianguis,100.0,MX,1600403778.0,98.0,17.07,-99.83,70.07,1.97
cabo san lucas,Cabo San Lucas,78.0,MX,1600403629.0,73.0,22.89,-109.91,84.0,3.0
san andres,San Andrés,40.0,CO,1600403780.0,88.0,12.58,-81.7,80.6,2.24
hervey bay,Hervey Bay,8.0,AU,1600403548.0,65.0,-25.3,152.85,75.99,5.99
portland,Portland,90.0,US,1600403714.0,77.0,45.52,-122.68,66.99,4.34
bilma,Bilma,63.0,NE,1600403784.0,21.0,18.69,12.92,87.84,3.8
bani,Baní,71.0,DO,1600403785.0,83.0,18.28,-70.33,81.0,7.14
shubarshi,Shubarshi,9.0,KZ,1600403786.0,60.0,48.59,57.19,54.23,3.11
bunumbu,Bunumbu,100.0,SL,1600403787.0,97.0,8.17,-10.87,70.0,0.78
koshurnikovo,Koshurnikovo,92.0,RU,1600403789.0,72.0,54.17,93.3,56.95,1.3
coos bay,Coos Bay,75.0,US,1600403492.0,100.0,43.37,-124.22,61.0,4.7
acari,Acarí,39.0,PE,1600403791.0,65.0,-15.43,-74.62,60.57,1.28
bambous virieux,Bambous Virieux,20.0,MU,1600403792.0,60.0,-20.34,57.76,75.0,16.11
port augusta,Port Augusta,54.0,AU,1600403794.0,25.0,-32.5,137.77,87.8,21.92
beaumont,Beaumont,1.0,US,1600403795.0,78.0,30.09,-94.1,80.6,4.7
juneau,Juneau,100.0,US,1600403796.0,75.0,58.3,-134.42,57.0,1.01
visnes,Visnes,75.0,NO,1600403797.0,87.0,59.36,5.22,55.0,6.93
iquitos,Iquitos,68.0,PE,1600403799.0,78.0,-3.75,-73.25,75.47,1.63
samarai,Samarai,99.0,PG,1600403800.0,86.0,-10.62,150.67,79.81,14.36
mont-de-marsan,Arrondissement de Mont-de-Marsan,99.0,FR,1600403801.0,77.0,44.0,-0.67,66.99,4.7
north battleford,North Battleford,1.0,CA,1600403802.0,75.0,52.78,-108.28,44.01,9.17
chicama,Chicama,74.0,PE,1600403803.0,83.0,-7.84,-79.15,60.64,2.53
anadyr,Anadyr,40.0,RU,1600403805.0,75.0,64.75,177.48,44.6,8.95
lake city,Lake City,1.0,US,1600403639.0,94.0,30.19,-82.64,75.99,5.82
ternate,Ternate,88.0,ID,1600403807.0,73.0,0.8,127.4,82.49,2.59
kaseda,Kaseda-shirakame,75.0,JP,1600403808.0,83.0,31.42,130.32,82.4,13.87
pingliang,Pingliang,0.0,CN,1600403583.0,38.0,35.54,106.69,71.53,14.65
tabas,Tabas,0.0,IR,1600403810.0,22.0,33.6,56.92,80.6,6.93
brownfield,Brownfield,8.0,US,1600403812.0,66.0,33.18,-102.27,70.0,1.99
kodinsk,Kodinsk,99.0,RU,1600403813.0,48.0,58.69,99.18,63.39,11.56
bilibino,Bilibino,97.0,RU,1600403814.0,81.0,68.05,166.44,35.82,6.35
povenets,Povenets,87.0,RU,1600403815.0,81.0,62.85,34.83,42.21,15.37
mahajanga,Mahajanga,15.0,MG,1600403816.0,60.0,-15.72,46.32,73.4,6.93
riyadh,Riyadh,19.0,SA,1600403772.0,28.0,24.69,46.72,80.6,3.36
galle,Galle,100.0,LK,1600403819.0,83.0,6.04,80.22,81.54,15.35
rio grande,Rio Grande,0.0,BR,1600403820.0,91.0,-32.03,-52.1,58.35,5.73
torres,Torres,35.0,BR,1600403821.0,95.0,-29.34,-49.73,59.85,5.19
peniche,Peniche,89.0,PT,1600403822.0,82.0,39.36,-9.38,64.0,10.0
freeport,Freeport,90.0,US,1600403577.0,83.0,40.66,-73.58,69.8,4.7
sao felix do xingu,São Félix do Xingu,64.0,BR,1600403825.0,51.0,-6.64,-51.99,77.29,1.23
san quintin,San Quintín,11.0,MX,1600403826.0,51.0,30.48,-115.95,76.57,12.26
krasnoshchekovo,Krasnoshchekovo,91.0,RU,1600403827.0,52.0,51.67,82.73,58.28,21.92
vereeniging,Vereeniging,0.0,ZA,1600403828.0,66.0,-26.67,27.93,55.0,9.33
hamilton,Hamilton,1.0,US,1600403715.0,67.0,39.18,-84.53,64.4,6.93
nekhayevskiy,Nekhayevskiy,93.0,RU,1600403831.0,49.0,50.41,41.76,59.0,4.0
montepuez,Montepuez,80.0,MZ,1600403832.0,72.0,-13.13,39.0,69.96,3.18
podporozhye,Podporozh'ye,100.0,RU,1600403591.0,89.0,60.91,34.17,43.7,13.89
klaeng,Klaeng,100.0,TH,1600403834.0,10.0,12.78,101.65,84.0,5.95
hambantota,Hambantota,40.0,LK,1600403835.0,79.0,6.12,81.12,84.2,17.22
nurota,Nurota,17.0,UZ,1600403837.0,31.0,40.56,65.69,57.2,4.7
tual,Tual,52.0,ID,1600403838.0,82.0,-5.67,132.75,80.38,9.73
nioro,Nioro,100.0,GM,1600403839.0,94.0,13.35,-15.75,75.27,6.8
pochutla,Pochutla,100.0,MX,1600403840.0,89.0,15.74,-96.47,75.99,1.86
destin,Destin,1.0,US,1600403841.0,83.0,30.39,-86.5,78.8,6.89
salmo,Salmo,0.0,CA,1600403842.0,70.0,49.2,-117.27,60.01,4.81
maniitsoq,Maniitsoq,100.0,GL,1600403844.0,68.0,65.42,-52.9,38.66,8.37
santa catarina de tepehuanes,Santa Catarina de Tepehuanes,72.0,MX,1600403845.0,76.0,25.35,-105.73,61.86,4.61
phulabani,Phulbāni,90.0,IN,1600403846.0,66.0,20.47,84.23,87.64,3.44
camacupa,Camacupa,79.0,AO,1600403847.0,74.0,-12.02,17.48,61.93,3.49
ketchikan,Ketchikan,75.0,US,1600403711.0,82.0,55.34,-131.65,60.8,3.36
krasnyy bor,Krasnyy Bor,90.0,RU,1600403850.0,87.0,59.68,30.67,44.6,17.9
lewiston,Lewiston,90.0,US,1600403851.0,93.0,44.1,-70.21,55.4,6.31
yelan-koleno,Yelan’-Koleno,46.0,RU,1600403852.0,44.0,51.15,41.23,58.98,10.07
severo-kurilsk,Severo-Kuril'sk,100.0,RU,1600403853.0,86.0,50.68,156.12,54.7,6.69
aitape,Aitape,96.0,PG,1600403854.0,74.0,-3.14,142.35,84.51,7.23
kruisfontein,Kruisfontein,0.0,ZA,1600403856.0,77.0,-34.0,24.73,52.38,6.06
santa cruz de la palma,Santa Cruz de La Palma,44.0,ES,1600403857.0,64.0,28.68,-17.76,73.4,4.7
grindavik,Grindavik,90.0,IS,1600403858.0,100.0,63.84,-22.43,44.6,19.46
yambio,Yambio,54.0,SS,1600403859.0,93.0,4.57,28.4,70.81,0.47
airai,Airai,3.0,TL,1600403861.0,48.0,-8.93,125.41,80.04,3.78
tacoronte,Tacoronte,55.0,ES,1600403862.0,88.0,28.48,-16.41,70.0,18.34
aklavik,Aklavik,90.0,CA,1600403863.0,76.0,68.22,-135.01,48.2,9.17
manavgat,Manavgat,0.0,TR,1600403864.0,88.0,36.79,31.44,73.4,2.24
kaitangata,Kaitangata,100.0,NZ,1600403865.0,60.0,-46.28,169.85,51.01,24.0
serra,Serra,0.0,BR,1600403866.0,78.0,-20.13,-40.31,73.4,12.75
tunduma,Tunduma,74.0,TZ,1600403868.0,54.0,-9.3,32.77,63.72,2.37
kloulklubed,Kloulklubed,75.0,PW,1600403869.0,83.0,7.04,134.26,80.6,4.7
salalah,Salalah,75.0,OM,1600403624.0,78.0,17.02,54.09,82.4,6.93
mosquera,Mosquera,75.0,CO,1600403871.0,100.0,4.71,-74.23,53.6,2.53
general roca,General Roca,98.0,AR,1600403872.0,40.0,-39.03,-67.58,53.6,11.41
pitimbu,Pitimbu,20.0,BR,1600403874.0,94.0,-7.47,-34.81,69.8,6.93
san alberto,San Alberto,89.0,CO,1600403875.0,81.0,7.76,-73.39,74.79,3.22
progreso,Progreso,75.0,MX,1600403876.0,88.0,21.28,-89.67,81.0,6.64
isiro,Isiro,90.0,CD,1600403877.0,97.0,2.77,27.62,68.65,0.78
susehri,Suşehri,0.0,TR,1600403878.0,29.0,40.16,38.09,72.03,1.36
ahipara,Ahipara,72.0,NZ,1600403879.0,70.0,-35.17,173.17,56.77,16.58
el tocuyo,El Tocuyo,19.0,VE,1600403881.0,65.0,9.79,-69.79,77.0,5.82
shimoda,Shimoda,75.0,JP,1600403882.0,79.0,34.67,138.95,86.0,21.92
lompoc,Lompoc,1.0,US,1600403790.0,87.0,34.64,-120.46,60.8,8.05
gorele,Görele,75.0,TR,1600403884.0,69.0,41.03,39.0,75.2,6.93
abda,Abda,38.0,HU,1600403885.0,81.0,47.69,17.54,48.99,8.05
yazykovo,Yazykovo,62.0,RU,1600403886.0,81.0,55.22,56.14,46.81,14.45
sioux lookout,Sioux Lookout,40.0,CA,1600403888.0,87.0,50.1,-91.92,32.0,2.48
guerrero negro,Guerrero Negro,0.0,MX,1600403889.0,46.0,27.98,-114.06,80.74,10.96
marawi,Marawi,91.0,PH,1600403890.0,78.0,8.0,124.29,84.99,8.01
fier,Fier,73.0,AL,1600403892.0,62.0,40.72,19.56,72.57,5.64
malabo,Malabo,40.0,GQ,1600403893.0,100.0,3.75,8.78,75.2,4.7
quang ngai,Quang Ngai,100.0,VN,1600403776.0,67.0,15.12,108.8,84.49,10.22
sorland,Sørland,75.0,NO,1600403895.0,87.0,67.67,12.69,50.0,27.51
ardrishaig,Ardrishaig,0.0,GB,1600403896.0,87.0,56.02,-5.45,51.8,2.24
foam lake,Foam Lake,98.0,CA,1600403897.0,70.0,51.65,-103.53,43.95,8.19
provideniya,Provideniya,75.0,RU,1600403899.0,66.0,64.38,-173.3,51.8,6.71
fez,Fes,75.0,MA,1600403900.0,93.0,34.04,-5.0,66.2,4.7
lubango,Lubango,0.0,AO,1600403901.0,36.0,-14.92,13.49,58.37,4.81
san vicente,San Vicente,36.0,AR,1600403902.0,100.0,-26.62,-54.13,59.43,1.32
arlit,Arlit,97.0,NE,1600403903.0,41.0,18.74,7.39,86.52,5.46
nkpor,Nkpor,98.0,NG,1600403905.0,99.0,6.15,6.84,71.2,2.21
reyes,Reyes,79.0,BO,1600403906.0,65.0,-14.32,-67.38,76.01,3.2
oranjemund,Oranjemund,9.0,NA,1600403907.0,94.0,-28.55,16.43,54.52,7.54
mahibadhoo,Mahibadhoo,71.0,MV,1600403908.0,76.0,3.78,72.97,82.51,8.72
adrar,Adrar,1.0,MR,1600403909.0,15.0,20.5,-10.07,88.77,11.03
kihurio,Kihurio,89.0,TZ,1600403911.0,70.0,-4.47,38.07,70.7,2.73
nizhniy kuranakh,Nizhniy Kuranakh,69.0,RU,1600403912.0,48.0,58.84,125.49,53.94,8.7
kemise,Kemisē,9.0,ET,1600403913.0,57.0,10.72,39.87,73.81,3.27
pangnirtung,Pangnirtung,2.0,CA,1600403914.0,81.0,66.15,-65.71,32.56,4.32
uribia,Uribia,7.0,CO,1600403915.0,71.0,11.71,-72.27,83.16,9.1
sindor,Sindor,100.0,RU,1600403917.0,74.0,62.86,51.89,40.57,5.88
umea,Umeå,100.0,SE,1600403681.0,75.0,63.83,20.26,50.0,9.17
saldanha,Saldanha,74.0,ZA,1600403919.0,87.0,-33.01,17.94,46.4,1.12
filingue,Filingué,99.0,NE,1600403920.0,69.0,14.35,3.32,82.11,4.54
ostrovnoy,Ostrovnoy,100.0,RU,1600403921.0,83.0,68.05,39.51,41.38,8.08
guangshui,Guangshui,0.0,CN,1600403923.0,40.0,31.62,114.0,82.08,2.93
francisco sa,Francisco Sá,28.0,BR,1600403924.0,43.0,-16.48,-43.49,71.6,2.24
coahuayana,Coahuayana Viejo,100.0,MX,1600403925.0,81.0,18.73,-103.68,78.19,1.3
darab,Dārāb,0.0,IR,1600403926.0,16.0,28.75,54.54,80.6,15.46
ust-karsk,Ust'-Karsk,100.0,RU,1600403927.0,42.0,52.7,118.81,58.89,8.59
nishihara,Nishihara,75.0,JP,1600403929.0,59.0,26.18,127.76,89.6,6.93
puerto penasco,Puerto Peñasco,0.0,MX,1600403930.0,84.0,31.32,-113.53,87.01,7.0
yankton,Yankton,90.0,US,1600403931.0,48.0,42.87,-97.4,60.8,9.17
morondava,Morondava,7.0,MG,1600403932.0,78.0,-20.28,44.28,75.61,9.19
salinas,Salinas,1.0,US,1600403778.0,72.0,36.68,-121.66,66.99,8.05
codrington,Codrington,100.0,AU,1600403935.0,86.0,-38.27,141.97,56.14,11.21
texiguat,Texíguat,75.0,HN,1600403936.0,100.0,13.65,-87.02,66.2,2.24
tessalit,Tessalit,29.0,ML,1600403937.0,45.0,20.2,1.01,84.88,5.28
coolum beach,Coolum Beach,1.0,AU,1600403766.0,75.0,-26.53,153.1,73.0,5.01
sao filipe,São Filipe,7.0,CV,1600403939.0,85.0,14.9,-24.5,79.18,6.78
la ronge,La Ronge,75.0,CA,1600403940.0,76.0,55.1,-105.28,48.2,3.36
canyon lake,Canyon Lake,76.0,US,1600403878.0,89.0,29.88,-98.26,72.0,5.99
sunrise manor,Sunrise Manor,1.0,US,1600403943.0,8.0,36.21,-115.07,95.0,10.29
deputatskiy,Deputatsky,100.0,RU,1600403944.0,90.0,69.3,139.9,41.9,10.96
tjaereborg,Tjæreborg,70.0,DK,1600403945.0,100.0,55.46,8.58,37.4,1.12
hofn,Hofn,0.0,IS,1600403946.0,67.0,64.25,-15.21,48.47,6.13
ha tinh,Ha Tinh,100.0,VN,1600403730.0,90.0,18.33,105.9,80.26,23.78
dunedin,Dunedin,99.0,NZ,1600403949.0,62.0,-45.87,170.5,52.0,45.01
tutoia,Tutóia,26.0,BR,1600403950.0,79.0,-2.76,-42.27,78.93,14.54
tanhacu,Tanhaçu,21.0,BR,1600403951.0,69.0,-14.02,-41.25,64.09,3.89
kalmunai,Kalmunai,86.0,LK,1600403952.0,55.0,7.42,81.82,88.47,1.9
halifax,Halifax,88.0,CA,1600403823.0,98.0,44.65,-63.57,62.01,6.71
kabompo,Kabompo,29.0,ZM,1600403955.0,64.0,-13.59,24.2,64.56,2.71
ancud,Ancud,96.0,CL,1600403956.0,83.0,-41.87,-73.82,46.0,13.98
mandalgovi,Mandalgovi,0.0,MN,1600403957.0,32.0,45.76,106.27,61.97,2.51
watsa,Watsa,98.0,CD,1600403958.0,97.0,3.04,29.54,66.33,1.34
luderitz,Lüderitz,0.0,NA,1600403959.0,68.0,-26.65,15.16,55.63,12.5
sibolga,Sibolga,89.0,ID,1600403961.0,73.0,1.74,98.78,82.49,3.33
aleksandrov gay,Aleksandrov Gay,92.0,RU,1600403962.0,35.0,50.15,48.57,60.53,14.72
ladario,Ladário,8.0,BR,1600403963.0,64.0,-19.0,-57.6,75.69,3.96
dawei,Dawei,99.0,MM,1600403965.0,77.0,14.08,98.2,83.43,4.07
namatanai,Namatanai,100.0,PG,1600403966.0,83.0,-3.67,152.43,79.52,9.31
milyutinskaya,Milyutinskaya,67.0,RU,1600403967.0,49.0,48.63,41.67,59.25,12.59
bandarbeyla,Bandarbeyla,77.0,SO,1600403969.0,65.0,9.49,50.81,81.25,24.47
karratha,Karratha,0.0,AU,1600403905.0,40.0,-20.74,116.85,81.48,15.41
tiznit,Tiznit Province,93.0,MA,1600403971.0,50.0,29.58,-9.5,76.5,1.77
coihaique,Coyhaique,90.0,CL,1600403930.0,93.0,-45.58,-72.07,35.6,21.92
gravdal,Gravdal,75.0,NO,1600403974.0,87.0,68.12,13.5,50.0,27.51
fayaoue,Fayaoué,0.0,NC,1600403975.0,83.0,-20.65,166.53,73.96,16.84
ardesen,Ardeşen,0.0,TR,1600403976.0,88.0,41.19,40.99,69.8,13.87
russell,Russell,1.0,US,1600403977.0,94.0,32.35,-85.2,71.6,3.8
strezhevoy,Strezhevoy,100.0,RU,1600403978.0,87.0,60.73,77.59,46.4,4.47
nizhniy baskunchak,Nizhniy Baskunchak,39.0,RU,1600403980.0,47.0,48.22,46.83,61.39,15.03
vieux fort,Vieux Fort,94.0,LC,1600403981.0,88.0,13.72,-60.95,79.0,4.7
sao joao da barra,São João da Barra,0.0,BR,1600403923.0,81.0,-21.64,-41.05,71.55,15.37
praia,Praia,0.0,CV,1600403983.0,82.0,14.92,-23.51,79.27,5.77
brigantine,Brigantine,90.0,US,1600403985.0,100.0,39.41,-74.36,66.99,5.23
ciudad guayana,Ciudad Guayana,89.0,VE,1600403986.0,82.0,8.35,-62.65,81.0,1.99
abu zabad,Abū Zabad,40.0,SD,1600403987.0,60.0,12.35,29.25,80.1,5.35
kanchanaburi,Kanchanaburi,100.0,TH,1600403988.0,75.0,14.63,99.1,81.3,2.26
huilong,Huilong,100.0,CN,1600403989.0,88.0,31.81,121.66,70.0,6.4
vilhena,Vilhena,62.0,BR,1600403991.0,34.0,-12.74,-60.15,72.5,0.27
norman wells,Norman Wells,75.0,CA,1600403992.0,66.0,65.28,-126.83,50.0,5.82
saquena,Saquena,32.0,PE,1600403993.0,74.0,-4.67,-73.52,75.97,1.19
zhezkazgan,Zhezkazgan,90.0,KZ,1600403995.0,87.0,47.8,67.71,46.4,11.18
kumluca,Kumluca,0.0,TR,1600403996.0,41.0,36.37,30.29,85.12,2.04
srednekolymsk,Srednekolymsk,100.0,RU,1600403997.0,91.0,67.45,153.68,43.03,15.23
trat,Trat,90.0,TH,1600403998.0,100.0,12.5,102.5,78.8,4.9
praia da vitoria,Praia da Vitória,75.0,PT,1600403999.0,94.0,38.73,-27.07,69.8,13.33
kenai,Kenai,90.0,US,1600404001.0,58.0,60.55,-151.26,53.6,11.41
beloslav,Beloslav,53.0,BG,1600404002.0,68.0,43.18,27.7,68.0,19.46
dali,Dali,100.0,CN,1600404003.0,82.0,25.7,100.18,62.76,2.73
terrace bay,Terrace Bay,1.0,CA,1600404004.0,70.0,48.78,-87.1,38.5,7.27
novoagansk,Novoagansk,0.0,RU,1600404006.0,73.0,61.94,76.66,52.88,7.34
salisbury,Salisbury,22.0,GB,1600403938.0,87.0,51.07,-1.8,51.8,12.5
tournon-sur-rhone,Tournon-sur-Rhône,1.0,FR,1600404008.0,80.0,45.07,4.83,64.0,2.35
sacama,Sacama,67.0,EC,1600404009.0,100.0,-3.9,-79.27,49.48,2.75
novaya ladoga,Novaya Ladoga,100.0,RU,1600404010.0,83.0,60.1,32.3,46.0,22.57
ambilobe,Ambilobe,81.0,MG,1600404012.0,45.0,-13.2,49.05,79.63,6.29
qarchi gak,Qarchī Gak,20.0,AF,1600404013.0,28.0,37.04,66.79,69.8,14.99
hudiksvall,Hudiksvall,100.0,SE,1600404014.0,47.0,61.73,17.1,51.35,4.7
acajutla,Acajutla,94.0,SV,1600404015.0,98.0,13.59,-89.83,72.0,4.81
martil,Martil,75.0,MA,1600404017.0,88.0,35.62,-5.28,69.8,6.93
new philadelphia,New Philadelphia,75.0,US,1600404018.0,82.0,40.49,-81.45,57.2,4.7
amga,Amga,0.0,RU,1600404019.0,34.0,60.9,131.96,59.72,6.15
saryozek,Saryozek,11.0,KZ,1600404021.0,42.0,44.36,77.98,53.83,3.56
soldotna,Soldotna,90.0,US,1600403920.0,58.0,60.49,-151.06,53.6,4.7
juegang,Juegang,100.0,CN,1600404023.0,81.0,32.32,121.19,69.13,9.15
nuevitas,Nuevitas,39.0,CU,1600404024.0,100.0,21.55,-77.26,75.2,2.24
lokosovo,Lokosovo,100.0,RU,1600404025.0,95.0,61.13,74.82,48.79,5.84
hanyang,Hanyang,91.0,CN,1600404027.0,70.0,32.14,105.51,70.03,5.26
los llanos de aridane,Los Llanos de Aridane,75.0,ES,1600404028.0,64.0,28.66,-17.92,73.4,4.7
cairns,Cairns,90.0,AU,1600403774.0,73.0,-16.92,145.77,77.0,14.99
karasburg,Karasburg,0.0,NA,1600404030.0,36.0,-28.02,18.75,55.17,8.41
yakeshi,Yakeshi,100.0,CN,1600404031.0,80.0,49.28,120.73,52.39,10.47
pilar,Pilar,20.0,BR,1600404032.0,94.0,-9.6,-35.96,68.0,4.7
gonbad-e qabus,Gonbad-e Kāvūs,0.0,IR,1600404034.0,46.0,37.25,55.17,73.4,3.74
walvis bay,Walvis Bay,0.0,NA,1600404035.0,93.0,-22.96,14.51,53.01,10.29
port hedland,Port Hedland,0.0,AU,1600404036.0,25.0,-20.32,118.57,84.2,13.87
koulikoro,Koulikoro,100.0,ML,1600404037.0,82.0,14.0,-7.75,74.01,5.57
altamira,Altamira,7.0,BR,1600404039.0,68.0,-3.2,-52.21,76.93,3.6
porto novo,Porto-Novo,40.0,BJ,1600403971.0,94.0,6.5,2.6,75.2,3.36
ekibastuz,Ekibastuz,98.0,KZ,1600404041.0,60.0,51.67,75.37,54.54,20.4
xalpatlahuac,Xalpatlahuac,100.0,MX,1600404042.0,93.0,17.47,-98.62,62.1,4.61
sao francisco do sul,São Francisco do Sul,90.0,BR,1600404043.0,100.0,-26.24,-48.64,66.99,2.24
salinopolis,Salinópolis,0.0,BR,1600404045.0,83.0,-0.61,-47.36,78.96,10.83
pachino,Pachino,0.0,IT,1600404046.0,80.0,36.72,15.09,70.0,8.7
san juan evangelista,San Juan Evangelista,100.0,MX,1600404047.0,96.0,17.9,-95.13,75.0,3.65
dalmatovo,Dalmatovo,97.0,RU,1600404048.0,76.0,56.26,62.94,46.35,13.18
souillac,Souillac,20.0,MU,1600404049.0,60.0,-20.52,57.52,73.4,16.11
pogar,Pogar,74.0,RU,1600404051.0,80.0,52.55,33.26,47.48,17.63
jaciara,Jaciara,26.0,BR,1600404052.0,37.0,-15.97,-54.97,74.52,1.39
aragarcas,Aragarças,11.0,BR,1600404053.0,30.0,-15.9,-52.25,73.71,1.19
tranas,Tranås,33.0,SE,1600404054.0,100.0,58.04,14.98,46.99,8.05
vaasa,Vaasa,95.0,FI,1600404055.0,87.0,63.1,21.62,50.0,6.93
gat,Kiryat Gat,0.0,IL,1600403821.0,80.0,31.61,34.76,79.0,3.96
sangueya,Sanguéya,92.0,GN,1600404058.0,95.0,10.7,-14.37,74.32,2.01
inhambane,Inhambane,1.0,MZ,1600403928.0,78.0,-23.86,35.38,73.8,5.95
morgantown,Morgantown,20.0,US,1600404060.0,82.0,39.63,-79.96,62.6,4.59
tura,Tura,30.0,IN,1600404007.0,85.0,25.52,90.22,83.91,1.99
kiama,Kiama,100.0,AU,1600404062.0,84.0,-34.68,150.87,62.01,1.99
urengoy,Urengoy,100.0,RU,1600404064.0,70.0,65.97,78.37,51.67,13.4
osorno,Osorno,100.0,CL,1600404065.0,93.0,-40.57,-73.15,44.6,5.82
hualmay,Hualmay,6.0,PE,1600404066.0,85.0,-11.1,-77.61,59.02,7.49
leningradskiy,Leningradskiy,100.0,RU,1600404067.0,97.0,69.38,178.42,32.52,16.75
kutum,Kutum,29.0,SD,1600404068.0,38.0,14.2,24.67,77.59,4.5
alta floresta,Alta Floresta,21.0,BR,1600404070.0,42.0,-9.88,-56.09,73.42,1.74
caravelas,Caravelas,45.0,BR,1600404071.0,82.0,-17.71,-39.25,70.03,6.4
ahuimanu,‘Āhuimanu,40.0,US,1600404072.0,65.0,21.44,-157.84,82.4,9.17
vinstra,Vinstra,9.0,NO,1600404073.0,68.0,61.6,9.75,41.22,1.77
lake cowichan,Lake Cowichan,90.0,CA,1600404074.0,93.0,48.83,-124.05,64.99,2.24
puerto quijarro,Puerto Quijarro,16.0,BO,1600404076.0,52.0,-17.78,-57.77,78.26,5.37
durango,Durango,50.0,MX,1600403888.0,83.0,24.83,-104.83,59.79,3.47
coquimbo,Coquimbo,0.0,CL,1600404078.0,93.0,-29.95,-71.34,51.8,3.36
tangjiazhuang,Tangjiazhuang,0.0,CN,1600404079.0,24.0,39.73,118.45,78.35,10.71
cabedelo,Cabedelo,20.0,BR,1600404080.0,94.0,-6.98,-34.83,69.8,6.93
birjand,Birjand,0.0,IR,1600404082.0,34.0,32.87,59.22,64.4,11.41
elat,Eilat,38.0,IL,1600403973.0,66.0,29.56,34.95,86.0,13.87
wanning,Wanning,100.0,CN,1600404084.0,88.0,18.8,110.4,82.51,16.06
viedma,Viedma,12.0,AR,1600404085.0,45.0,-40.81,-63.0,50.36,16.28
koumac,Koumac,21.0,NC,1600404086.0,75.0,-20.57,164.28,74.25,13.65
karsun,Karsun,97.0,RU,1600404087.0,47.0,54.2,46.98,56.84,15.86
boca do acre,Boca do Acre,67.0,BR,1600404089.0,55.0,-8.75,-67.4,78.08,1.48
asosa,Āsosa,8.0,ET,1600404090.0,94.0,10.07,34.53,66.22,3.09
lensk,Lensk,53.0,RU,1600404091.0,53.0,60.73,114.93,58.8,4.23
mangan,Mangan,98.0,IN,1600404092.0,54.0,27.52,88.53,83.26,4.32
padang,Padang,100.0,ID,1600404092.0,71.0,-0.95,100.35,83.79,8.63
okato,Okato,32.0,NZ,1600404095.0,50.0,-39.2,173.88,55.0,15.01
papara,Papara,40.0,BR,1600404096.0,78.0,-3.98,-38.73,78.8,13.87
liku,Liku,37.0,ID,1600404097.0,55.0,-0.73,119.89,87.58,2.01
sabang,Sabang,100.0,ID,1600404098.0,73.0,5.89,95.32,83.21,25.59
cartagena,Cartagena,96.0,CO,1600404099.0,78.0,10.4,-75.51,80.83,4.12
grand gaube,Grand Gaube,82.0,MU,1600404101.0,59.0,-20.01,57.66,75.0,7.0
syracuse,Syracuse,1.0,IT,1600403954.0,88.0,37.09,15.28,73.4,5.82
malanville,Malanville,74.0,BJ,1600404103.0,91.0,11.87,3.39,74.05,3.24
fujinomiya,Fujinomiya,75.0,JP,1600404104.0,79.0,35.22,138.62,84.2,14.99
huambo,Huambo,95.0,AO,1600404105.0,73.0,-12.78,15.74,56.53,3.0
kroya,Kroya,30.0,ID,1600404107.0,62.0,-7.63,109.25,85.14,9.95
sfantu gheorghe,Sfântu Gheorghe,33.0,RO,1600403986.0,73.0,45.87,25.78,57.0,4.23
redwater,Redwater,1.0,US,1600404109.0,88.0,33.36,-94.25,73.4,3.36
prince rupert,Prince Rupert,75.0,CA,1600404110.0,100.0,54.32,-130.32,57.2,4.7
flinders,Flinders,100.0,AU,1600404111.0,84.0,-34.58,150.86,62.01,1.99
korla,Korla,24.0,CN,1600404112.0,15.0,41.76,86.15,80.8,16.13
pleasanton,Pleasanton,1.0,US,1600403981.0,68.0,37.66,-121.87,66.99,6.93
banjar,Banjar,20.0,ID,1600404115.0,74.0,-8.19,114.97,86.0,16.11
sunam,Sunām,0.0,IN,1600404116.0,40.0,30.13,75.8,95.47,4.14
dovers,Dovers,69.0,VC,1600404117.0,69.0,12.88,-61.18,82.89,3.04
puerto colombia,Puerto Colombia,20.0,CO,1600404118.0,94.0,10.99,-74.95,78.8,3.42
bereda,Bereda,100.0,ES,1600404120.0,100.0,43.27,-7.54,62.01,1.99
chapais,Chapais,75.0,CA,1600403926.0,74.0,49.78,-74.85,35.6,5.82
vesoul,Arrondissement de Vesoul,0.0,FR,1600404122.0,93.0,47.58,5.83,57.99,1.12
olinda,Olinda,40.0,BR,1600404123.0,83.0,-8.01,-34.86,73.4,3.36
tucuman,San Miguel de Tucumán,0.0,AR,1600404012.0,55.0,-26.82,-65.22,62.6,4.7
turayf,Turaif,59.0,SA,1600404125.0,33.0,31.67,38.66,77.0,9.17
spalding,Spalding,90.0,US,1600404127.0,94.0,33.27,-84.28,70.0,2.59
hay river,Hay River,20.0,CA,1600404128.0,70.0,60.82,-115.8,48.2,9.17
ayan,Ayan,100.0,RU,1600404129.0,76.0,56.45,138.17,51.91,21.14
betamcherla,Betamcherla,97.0,IN,1600404130.0,74.0,15.47,78.17,82.81,15.95
akyab,Sittwe,98.0,MM,1600404131.0,71.0,20.15,92.9,87.51,2.55
yarada,Yārāda,20.0,IN,1600404133.0,75.0,17.65,83.27,89.6,5.82
puerto escondido,Puerto Escondido,100.0,MX,1600404134.0,79.0,15.85,-97.07,79.61,4.16
takoradi,Takoradze,41.0,GH,1600404135.0,88.0,4.88,-1.76,73.94,6.76
jibuti,Djibouti,0.0,DJ,1600404136.0,45.0,11.5,42.5,87.46,4.68
aktash,Aktash,96.0,RU,1600404138.0,73.0,50.3,87.73,44.17,4.09
high level,High Level,20.0,CA,1600404001.0,70.0,58.52,-117.14,48.2,4.7
beisfjord,Beisfjord,100.0,NO,1600404140.0,93.0,68.38,17.6,51.8,29.97
taiyuan,Taiyuan,0.0,CN,1600404141.0,35.0,37.87,112.56,71.6,6.71
kannod,Kannod,78.0,IN,1600404142.0,72.0,22.67,76.73,86.72,5.57
namibe,Mossamedes,0.0,AO,1600404143.0,86.0,-15.2,12.15,58.19,2.57
melipilla,Melipilla,0.0,CL,1600404145.0,100.0,-33.7,-71.22,57.2,1.12
kulhudhuffushi,Kulhudhuffushi,40.0,MV,1600404146.0,77.0,6.62,73.07,82.54,17.52
chiang rai,Chiang Rai,40.0,TH,1600404147.0,83.0,19.91,99.83,86.0,9.17
oktyabrskoye,Oktyabr'skoye,75.0,RU,1600404148.0,93.0,43.06,44.74,55.0,4.47
ciego de avila,Ciego de Ávila,17.0,CU,1600404149.0,88.0,21.84,-78.76,75.96,1.92
omsukchan,Omsukchan,98.0,RU,1600404151.0,71.0,62.53,155.8,39.56,6.82
stepnyak,Stepnyak,91.0,KZ,1600404152.0,73.0,52.83,70.78,52.25,17.85
narasimharajapura,Narasimharājapura,94.0,IN,1600404153.0,82.0,13.62,75.52,76.98,9.44
tianmen,Tianmen,1.0,CN,1600404154.0,58.0,30.65,113.16,78.85,0.89
floro,Florø,75.0,NO,1600404156.0,100.0,61.6,5.03,48.2,13.87
sarangani,Sarangani,77.0,PH,1600404157.0,77.0,5.4,125.46,82.06,13.44
callaway,Callaway,1.0,US,1600404158.0,88.0,30.15,-85.57,75.99,4.7
erdaojiang,Erdaojiang,76.0,CN,1600404159.0,61.0,41.78,126.03,62.22,12.97
huarmey,Huarmey,0.0,PE,1600404160.0,86.0,-10.07,-78.15,59.36,5.77
neiafu,Neiafu,90.0,TO,1600404162.0,94.0,-18.65,-173.98,75.2,10.29
kavaratti,Kavaratti,40.0,IN,1600404163.0,79.0,10.57,72.64,84.2,13.87
cooma,Cooma,90.0,AU,1600404164.0,100.0,-36.23,149.13,50.0,16.11
xiongzhou,Xiongzhou,98.0,CN,1600404165.0,75.0,25.12,114.3,73.81,5.7
talaya,Talaya,67.0,RU,1600404166.0,57.0,61.38,152.75,44.42,8.52
arraial do cabo,Arraial do Cabo,0.0,BR,1600404168.0,90.0,-22.97,-42.03,70.59,9.1
clinton,Charter Township of Clinton,1.0,US,1600404169.0,93.0,42.59,-82.92,51.01,9.17
hidalgo,Hidalgo,38.0,MX,1600404170.0,94.0,20.5,-99.0,58.48,2.04
lufilufi,Lufilufi,20.0,WS,1600404171.0,74.0,-13.87,-171.6,86.0,8.05
totma,Tot'ma,100.0,RU,1600404172.0,95.0,59.97,42.76,54.82,5.44
komsomolskiy,Yangi Marg`ilon,43.0,UZ,1600404174.0,39.0,40.43,71.72,62.6,2.24
suffolk,Suffolk,75.0,US,1600404175.0,88.0,40.87,-72.8,69.01,8.19
sao raimundo nonato,São Raimundo Nonato,0.0,BR,1600404176.0,41.0,-9.02,-42.7,71.4,6.15
paamiut,Paamiut,97.0,GL,1600404177.0,83.0,61.99,-49.67,40.95,29.68
vanimo,Vanimo,65.0,PG,1600404179.0,64.0,-2.67,141.3,85.77,7.99
harqalah,Hergla,2.0,TN,1600404180.0,82.0,36.03,10.51,75.0,3.36
finschhafen,Finschhafen,100.0,PG,1600404181.0,82.0,-6.6,147.87,78.94,15.61
yokadouma,Yokadouma,100.0,CM,1600404182.0,96.0,3.52,15.05,68.99,0.58
el tigre,El Tigre,82.0,VE,1600404183.0,84.0,8.89,-64.25,75.6,4.65
margate,Margate,95.0,GB,1600404185.0,59.0,51.38,1.39,60.01,5.99
kismayo,Kismayo,18.0,SO,1600404186.0,74.0,-0.36,42.55,79.97,14.72
asfi,Safi,71.0,MA,1600404187.0,89.0,32.3,-9.24,68.95,10.02
macau,Macao,40.0,MO,1600404188.0,83.0,22.2,113.55,84.2,17.22
zhuhai,Zhuhai,40.0,CN,1600404189.0,83.0,22.28,113.57,84.2,17.22
vardo,Vardø,75.0,NO,1600404191.0,70.0,70.37,31.11,44.6,16.11
maryborough,Maryborough,45.0,AU,1600404192.0,65.0,-25.53,152.7,75.99,5.99
waingapu,Waingapu,30.0,ID,1600404193.0,50.0,-9.66,120.26,87.42,11.03
oistins,Oistins,20.0,BB,1600404194.0,88.0,13.07,-59.53,77.0,5.82
soto la marina,Soto la Marina,16.0,MX,1600403955.0,95.0,23.77,-98.22,73.99,4.0
dekar,Dekar,8.0,BW,1600404197.0,29.0,-21.53,21.93,62.62,5.75
gusau,Gusau,0.0,NG,1600404198.0,87.0,12.16,6.66,72.18,3.78
cuamba,Cuamba,3.0,MZ,1600404199.0,57.0,-14.8,36.54,71.46,5.06
atambua,Atambua,6.0,ID,1600404200.0,50.0,-9.11,124.89,86.31,1.45
bozdar,Bozdar Wada,14.0,PK,1600404201.0,63.0,27.18,68.64,91.4,8.7
